dernier_SP500,ouverture,higher,lower,variation,date
3934.38,4042.0,4051.75,3918.4,-3.37%,2022-12-04
4071.7,3994.6,4099.4,3937.5,+1.13%,2022-11-27
4026.12,3953.69,4034.0,3932.55,+1.53%,2022-11-20
3965.34,3973.63,4029.99,3906.26,-0.69%,2022-11-13
3992.93,3786.6,4001.6,3743.85,+5.90%,2022-11-06
3770.55,3873.55,3913.62,3695.6,-3.35%,2022-10-30
3901.06,3770.75,3906.05,3741.38,+3.95%,2022-10-23
3752.75,3652.35,3764.55,3646.34,+4.74%,2022-10-16
3583.07,3651.2,3711.73,3490.0,-1.55%,2022-10-09
3639.66,3624.07,3807.35,3605.6,+1.51%,2022-10-02
3585.62,3677.7,3736.65,3585.4,-2.91%,2022-09-25
3693.23,3838.0,3907.68,3646.35,-4.65%,2022-09-18
3873.33,4089.9,4119.69,3836.15,-4.77%,2022-09-11
4067.36,3935.35,4077.0,3887.33,+3.65%,2022-09-04
3924.26,4026.84,4063.55,3903.0,-3.29%,2022-08-28
4057.66,4176.67,4204.63,4057.66,-4.04%,2022-08-21
4228.48,4256.53,4325.5,4218.6,-1.21%,2022-08-14
4280.15,4162.69,4280.15,4111.49,+3.26%,2022-08-07
4145.19,4103.38,4167.63,4080.38,+0.36%,2022-07-31
4130.29,3969.8,4140.0,3910.4,+4.26%,2022-07-24
3961.63,3895.5,4013.12,3818.76,+2.55%,2022-07-17
3863.16,3870.4,3881.22,3720.25,-0.93%,2022-07-10
3899.38,3772.0,3918.25,3740.8,+1.94%,2022-07-03
3825.33,3924.6,3945.98,3736.58,-2.21%,2022-06-26
3911.74,3732.13,3912.87,3716.13,+6.45%,2022-06-19
3674.84,3800.54,3837.97,3636.82,-5.79%,2022-06-12
3900.86,4152.4,4169.04,3900.01,-5.05%,2022-06-05
4108.54,4139.15,4177.6,4073.6,-1.20%,2022-05-29
4158.24,3933.89,4158.29,3874.77,+6.58%,2022-05-22
3901.36,4009.2,4091.1,3810.5,-3.05%,2022-05-15
4023.89,4061.09,4074.06,3858.8,-2.41%,2022-05-08
4123.34,4132.7,4307.9,4062.09,-0.21%,2022-05-01
4131.93,4247.36,4308.5,4123.87,-3.27%,2022-04-24
4271.78,4384.3,4512.94,4268.1,-2.75%,2022-04-17
4392.59,4458.8,4471.67,4381.09,-2.13%,2022-04-10
4488.28,4546.5,4593.9,4450.0,-1.27%,2022-04-03
4545.86,4536.73,4637.9,4507.2,+0.06%,2022-03-27
4543.04,4462.24,4546.07,4423.9,+1.79%,2022-03-20
4463.09,4214.9,4466.4,4161.18,+6.16%,2022-03-13
4204.31,4319.93,4324.0,4157.2,-2.88%,2022-03-06
4328.87,4326.72,4416.6,4280.04,-1.27%,2022-02-27
4384.62,4329.23,4385.8,4114.5,+0.82%,2022-02-20
4348.87,4410.7,4489.4,4326.99,-1.58%,2022-02-13
4418.64,4510.2,4589.7,4401.0,-1.82%,2022-02-06
4500.54,4423.3,4595.1,4411.09,+1.55%,2022-01-30
4431.85,4328.4,4454.1,4221.54,+0.77%,2022-01-23
4397.93,4612.6,4614.4,4395.0,-5.68%,2022-01-16
4662.85,4642.6,4748.61,4581.8,-0.30%,2022-01-09
4677.02,4781.0,4817.88,4662.75,-1.87%,2022-01-02
4766.18,4740.05,4808.52,4739.2,+0.85%,2021-12-26
4725.78,4562.27,4740.49,4530.85,+2.28%,2021-12-19
4620.64,4707.4,4732.34,4599.4,-1.94%,2021-12-12
4712.02,4565.7,4713.6,4541.53,+3.82%,2021-12-05
4538.43,4648.68,4673.07,4494.2,-1.22%,2021-11-28
4594.62,4716.0,4743.74,4585.78,-2.20%,2021-11-21
4697.96,4696.29,4718.3,4672.97,+0.32%,2021-11-14
4682.85,4709.71,4714.2,4630.97,-0.31%,2021-11-07
4697.53,4616.47,4718.35,4594.8,+2.00%,2021-10-31
4605.38,4556.0,4608.7,4537.38,+1.33%,2021-10-24
4544.9,4453.57,4559.7,4445.9,+1.64%,2021-10-17
4471.37,4386.35,4476.3,4329.4,+1.82%,2021-10-10
4391.36,4344.35,4430.59,4278.7,+0.79%,2021-10-03
4357.05,4443.1,4457.25,4288.05,-2.21%,2021-09-26
4455.48,4361.3,4465.8,4305.61,+0.51%,2021-09-19
4432.99,4491.9,4493.79,4427.9,-0.57%,2021-09-12
4458.58,4532.19,4532.19,4457.98,-1.69%,2021-09-05
4535.43,4517.2,4544.58,4514.4,+0.58%,2021-08-29
4509.37,4459.3,4513.4,4459.3,+1.52%,2021-08-22
4441.67,4456.1,4480.01,4369.2,-0.59%,2021-08-15
4468.0,4436.2,4468.82,4424.2,+0.71%,2021-08-08
4436.52,4415.9,4440.2,4373.2,+0.94%,2021-08-01
4395.26,4405.8,4430.2,4372.6,-0.37%,2021-07-25
4411.8,4273.4,4415.9,4232.8,+1.96%,2021-07-18
4327.16,4372.41,4393.68,4322.53,-0.97%,2021-07-11
4369.55,4356.46,4371.6,4289.37,+0.40%,2021-07-04
4352.34,4284.9,4355.43,4274.67,+1.67%,2021-06-27
4280.7,4173.4,4286.12,4173.4,+2.74%,2021-06-20
4166.45,4248.31,4257.16,4164.4,-1.91%,2021-06-13
4247.44,4229.34,4249.74,4208.41,+0.41%,2021-06-06
4229.89,4216.52,4234.12,4167.93,+0.61%,2021-05-30
4204.11,4170.16,4218.36,4170.16,+1.16%,2021-05-23
4155.86,4169.92,4188.72,4061.41,-0.43%,2021-05-16
4173.85,4228.29,4236.39,4056.88,-1.39%,2021-05-09
4232.6,4191.98,4238.04,4128.59,+1.23%,2021-05-02
4181.17,4185.03,4218.78,4174.85,+0.02%,2021-04-25
4180.17,4179.8,4194.17,4118.38,-0.13%,2021-04-18
4185.47,4124.71,4191.31,4114.82,+1.37%,2021-04-11
4128.8,4034.44,4129.48,4034.44,+2.71%,2021-04-04
4019.87,3969.31,4020.63,3943.25,+1.14%,2021-03-28
3974.54,3916.48,3978.19,3853.5,+1.57%,2021-03-21
3913.1,3942.96,3983.87,3886.75,-0.77%,2021-03-14
3943.34,3844.39,3960.27,3819.25,+2.64%,2021-03-07
3841.94,3842.51,3914.5,3723.34,+0.81%,2021-02-28
3811.15,3885.55,3928.65,3789.54,-2.45%,2021-02-21
3906.71,3939.61,3950.43,3885.03,-0.71%,2021-02-14
3934.83,3892.59,3937.23,3884.94,+1.23%,2021-02-07
3886.83,3731.17,3894.56,3725.62,+4.65%,2021-01-31
3714.24,3851.68,3870.9,3694.12,-3.31%,2021-01-24
3841.47,3781.88,3861.45,3780.37,+1.94%,2021-01-17
3768.25,3803.14,3823.6,3749.62,-1.48%,2021-01-10
3824.68,3764.61,3826.69,3662.71,+1.83%,2021-01-03
3756.07,3723.03,3760.2,3723.03,+1.43%,2020-12-27
3703.06,3684.28,3711.24,3636.48,-0.17%,2020-12-20
3709.41,3675.27,3726.7,3645.84,+1.25%,2020-12-13
3663.46,3694.73,3712.39,3633.4,-0.96%,2020-12-06
3699.12,3634.18,3699.2,3594.39,+1.67%,2020-11-29
3638.35,3566.82,3644.31,3552.77,+2.27%,2020-11-22
3557.54,3600.16,3628.51,3543.84,-0.77%,2020-11-15
3585.15,3583.04,3645.99,3511.91,+2.16%,2020-11-08
3509.44,3296.2,3529.05,3279.74,+7.32%,2020-11-01
3269.96,3441.42,3441.42,3233.94,-5.64%,2020-10-25
3465.39,3493.66,3502.42,3415.34,-0.53%,2020-10-18
3483.81,3500.02,3549.85,3440.89,+0.19%,2020-10-11
3477.13,3367.27,3482.34,3354.54,+3.84%,2020-10-04
3348.44,3333.9,3397.18,3323.69,+1.52%,2020-09-27
3298.46,3285.57,3323.35,3209.45,-0.63%,2020-09-20
3319.47,3363.56,3428.92,3292.4,-0.64%,2020-09-13
3340.97,3371.88,3425.55,3310.47,-2.51%,2020-09-06
3426.96,3509.73,3588.11,3349.63,-2.31%,2020-08-30
3508.01,3418.09,3509.23,3413.13,+3.26%,2020-08-23
3397.16,3380.86,3399.96,3354.69,+0.72%,2020-08-16
3372.85,3356.04,3387.89,3326.44,+0.64%,2020-08-09
3351.28,3288.26,3352.54,3284.53,+2.45%,2020-08-02
3271.12,3219.84,3272.17,3204.13,+1.73%,2020-07-26
3215.63,3224.29,3279.99,3200.05,-0.28%,2020-07-19
3224.73,3205.08,3238.28,3127.66,+1.25%,2020-07-12
3185.04,3155.29,3186.82,3115.7,+1.76%,2020-07-05
3130.01,3018.59,3165.81,2999.74,+4.02%,2020-06-28
3009.05,3094.42,3154.9,3004.63,-2.86%,2020-06-21
3097.74,2993.76,3155.53,2965.66,+1.86%,2020-06-14
3041.31,3199.92,3233.13,2984.47,-4.78%,2020-06-07
3193.93,3038.78,3211.72,3031.54,+4.91%,2020-05-31
3044.31,3004.08,3068.67,2969.75,+3.01%,2020-05-24
2955.45,2913.86,2980.29,2913.86,+3.20%,2020-05-17
2863.7,2915.46,2945.82,2766.64,-2.26%,2020-05-10
2929.8,2815.01,2932.16,2797.85,+3.50%,2020-05-03
2830.71,2854.65,2954.86,2821.61,-0.21%,2020-04-26
2836.74,2845.62,2868.98,2727.1,-1.32%,2020-04-19
2874.56,2782.46,2879.22,2721.17,+3.04%,2020-04-12
2789.82,2578.28,2818.57,2574.57,+12.10%,2020-04-05
2488.65,2558.98,2641.39,2447.49,-2.08%,2020-03-29
2541.47,2290.71,2637.01,2191.86,+10.26%,2020-03-22
2304.92,2508.59,2562.98,2280.52,-14.98%,2020-03-15
2711.02,2863.89,2882.59,2478.86,-8.79%,2020-03-08
2972.37,2974.28,3136.72,2901.54,+0.61%,2020-03-01
2954.22,3257.61,3259.81,2855.84,-11.49%,2020-02-23
3337.75,3369.04,3393.52,3328.45,-1.25%,2020-02-16
3380.16,3318.28,3385.09,3317.77,+1.58%,2020-02-09
3327.71,3235.66,3347.96,3235.66,+3.17%,2020-02-02
3225.52,3247.16,3293.47,3214.68,-2.12%,2020-01-26
3295.47,3321.03,3337.77,3281.53,-1.03%,2020-01-19
3329.62,3271.13,3329.88,3268.43,+1.97%,2020-01-12
3265.35,3217.55,3282.99,3214.64,+0.94%,2020-01-05
3234.85,3240.09,3258.14,3212.03,-0.16%,2019-12-29
3240.02,3226.05,3247.93,3220.51,+0.58%,2019-12-22
3221.22,3183.63,3225.65,3183.63,+1.65%,2019-12-15
3168.8,3141.86,3182.68,3126.09,+0.73%,2019-12-08
3145.91,3143.85,3150.6,3070.33,+0.16%,2019-12-01
3140.98,3117.44,3154.26,3117.44,+0.99%,2019-11-24
3110.29,3117.91,3127.64,3091.41,-0.33%,2019-11-17
3120.46,3080.33,3120.46,3075.82,+0.89%,2019-11-10
3093.08,3078.96,3097.77,3065.89,+0.85%,2019-11-03
3066.91,3032.12,3066.95,3023.19,+1.47%,2019-10-27
3022.55,2996.48,3027.39,2991.21,+1.22%,2019-10-20
2986.2,2965.81,3008.29,2962.94,+0.54%,2019-10-13
2970.27,2944.23,2993.28,2892.66,+0.62%,2019-10-06
2952.01,2967.07,2992.53,2855.94,-0.33%,2019-09-29
2961.79,2983.5,3007.98,2945.53,-1.01%,2019-09-22
2992.07,2996.41,3021.99,2978.57,-0.51%,2019-09-15
3007.39,2988.43,3020.74,2957.01,+0.96%,2019-09-08
2978.71,2909.01,2985.86,2891.85,+1.79%,2019-09-01
2926.46,2866.7,2940.43,2853.05,+2.79%,2019-08-25
2847.11,2913.48,2939.08,2834.97,-1.44%,2019-08-18
2888.68,2907.07,2943.31,2825.51,-1.03%,2019-08-11
2918.65,2898.07,2938.72,2822.12,-0.46%,2019-08-04
2932.05,3024.47,3025.61,2914.11,-3.10%,2019-07-28
3025.86,2981.93,3027.98,2976.65,+1.65%,2019-07-21
2976.61,3017.8,3017.8,2973.09,-1.23%,2019-07-14
3013.77,2979.77,3013.92,2963.44,+0.78%,2019-07-07
2990.41,2971.41,2995.84,2952.22,+1.65%,2019-06-30
2941.76,2951.42,2954.92,2912.99,-0.29%,2019-06-23
2950.46,2889.75,2964.15,2887.3,+2.20%,2019-06-16
2886.98,2885.83,2910.61,2874.68,+0.47%,2019-06-09
2873.34,2751.53,2884.97,2728.81,+4.41%,2019-06-02
2752.06,2830.03,2840.51,2750.52,-2.62%,2019-05-26
2826.06,2841.94,2868.88,2805.49,-1.17%,2019-05-19
2859.53,2840.19,2892.15,2801.43,-0.76%,2019-05-12
2881.4,2908.89,2937.32,2825.39,-2.18%,2019-05-05
2945.64,2940.58,2954.13,2900.5,+0.20%,2019-04-28
2939.88,2898.78,2939.88,2896.35,+1.20%,2019-04-21
2905.03,2908.32,2918.0,2891.9,-0.08%,2019-04-14
2907.41,2888.46,2910.54,2873.33,+0.51%,2019-04-07
2892.74,2848.63,2893.24,2848.63,+2.06%,2019-03-31
2834.4,2796.01,2836.03,2785.02,+1.20%,2019-03-24
2800.71,2822.61,2860.31,2800.47,-0.77%,2019-03-17
2822.48,2747.61,2830.73,2747.61,+2.89%,2019-03-10
2743.07,2814.37,2816.88,2722.27,-2.16%,2019-03-03
2803.69,2804.35,2813.49,2775.13,+0.39%,2019-02-24
2792.67,2769.28,2794.2,2764.55,+0.61%,2019-02-17
2775.6,2712.4,2775.66,2703.79,+2.50%,2019-02-10
2707.88,2706.49,2738.98,2681.83,+0.05%,2019-02-03
2706.53,2644.97,2716.66,2624.06,+1.57%,2019-01-27
2664.76,2657.88,2672.38,2612.86,-0.22%,2019-01-20
2670.71,2580.31,2675.47,2570.41,+2.87%,2019-01-13
2596.26,2535.61,2597.82,2524.56,+2.54%,2019-01-06
2531.94,2498.94,2538.07,2443.96,+1.86%,2018-12-30
2485.74,2400.56,2520.27,2346.58,+2.86%,2018-12-23
2416.62,2590.75,2601.13,2408.55,-7.05%,2018-12-16
2599.95,2630.86,2685.44,2583.23,-1.26%,2018-12-09
2633.08,2790.5,2800.18,2621.53,-4.60%,2018-12-02
2760.17,2649.97,2760.88,2649.97,+4.85%,2018-11-25
2632.56,2730.74,2733.16,2631.09,-3.79%,2018-11-18
2736.27,2773.93,2775.99,2670.75,-1.61%,2018-11-11
2781.01,2726.37,2815.15,2717.94,+2.13%,2018-11-04
2723.06,2682.65,2756.55,2603.54,+2.42%,2018-10-28
2658.69,2773.94,2778.94,2628.16,-3.94%,2018-10-21
2767.78,2763.83,2816.94,2749.03,+0.02%,2018-10-14
2767.13,2877.53,2894.83,2710.51,-4.10%,2018-10-07
2885.57,2926.29,2939.86,2869.29,-0.97%,2018-09-30
2913.98,2921.83,2931.15,2903.28,-0.54%,2018-09-23
2929.67,2903.83,2940.91,2886.16,+0.85%,2018-09-16
2904.98,2881.39,2908.3,2866.78,+1.16%,2018-09-09
2871.68,2896.96,2900.18,2864.12,-1.03%,2018-09-02
2901.52,2884.69,2916.5,2884.69,+0.93%,2018-08-26
2874.69,2853.93,2876.16,2850.62,+0.86%,2018-08-19
2850.13,2835.46,2855.63,2802.49,+0.59%,2018-08-12
2833.28,2840.29,2863.43,2825.81,-0.25%,2018-08-05
2840.35,2819.0,2840.38,2796.34,+0.76%,2018-07-29
2818.82,2799.17,2848.03,2795.14,+0.61%,2018-07-22
2801.83,2801.43,2816.76,2789.24,+0.02%,2018-07-15
2801.31,2768.51,2804.53,2768.51,+1.50%,2018-07-08
2759.82,2704.95,2764.41,2698.95,+1.52%,2018-07-01
2718.37,2742.94,2746.09,2691.99,-1.33%,2018-06-24
2754.88,2765.79,2774.99,2743.19,-0.89%,2018-06-17
2779.66,2780.18,2791.47,2761.73,+0.02%,2018-06-10
2779.03,2741.67,2779.9,2739.51,+1.62%,2018-06-03
2734.62,2705.11,2736.93,2676.81,+0.49%,2018-05-27
2721.33,2725.95,2742.24,2707.38,+0.31%,2018-05-20
2712.97,2733.37,2742.1,2701.91,-0.54%,2018-05-13
2727.72,2669.36,2732.86,2655.2,+2.41%,2018-05-06
2663.42,2675.05,2682.92,2594.62,-0.24%,2018-04-29
2669.91,2675.4,2683.55,2612.67,-0.01%,2018-04-22
2670.14,2670.1,2717.49,2660.61,+0.52%,2018-04-15
2656.3,2617.18,2680.26,2610.79,+1.99%,2018-04-08
2604.47,2633.45,2672.08,2553.8,-1.38%,2018-04-01
2640.87,2619.35,2674.78,2593.06,+2.03%,2018-03-25
2588.26,2741.38,2741.38,2585.89,-5.95%,2018-03-18
2752.01,2790.54,2801.9,2741.47,-1.24%,2018-03-11
2786.57,2681.06,2786.57,2675.75,+3.54%,2018-03-04
2691.25,2757.37,2789.15,2647.32,-2.04%,2018-02-25
2747.3,2722.99,2747.76,2697.77,+0.55%,2018-02-18
2732.22,2636.75,2754.42,2622.45,+4.30%,2018-02-11
2619.55,2741.06,2763.39,2532.69,-5.16%,2018-02-04
2762.13,2867.23,2870.62,2759.97,-3.85%,2018-01-28
2872.87,2809.16,2872.87,2808.12,+2.23%,2018-01-21
2810.3,2798.96,2810.33,2768.64,+0.86%,2018-01-14
2786.24,2742.67,2787.85,2736.06,+1.57%,2018-01-07
2743.15,2683.73,2743.45,2682.36,+2.60%,2017-12-31
2673.61,2679.09,2692.12,2673.61,-0.36%,2017-12-24
2683.34,2685.92,2694.97,2676.11,+0.28%,2017-12-17
2675.81,2652.19,2679.63,2651.47,+0.92%,2017-12-10
2651.5,2657.19,2665.19,2624.75,+0.35%,2017-12-03
2642.22,2602.66,2657.74,2598.87,+1.53%,2017-11-26
2602.42,2579.49,2604.21,2578.24,+0.91%,2017-11-19
2578.85,2576.53,2590.09,2557.45,-0.13%,2017-11-12
2582.3,2587.47,2597.02,2566.33,-0.21%,2017-11-05
2587.84,2577.75,2588.42,2566.17,+0.26%,2017-10-29
2581.07,2578.08,2582.98,2544.0,+0.23%,2017-10-22
2575.21,2555.57,2575.44,2547.92,+0.86%,2017-10-15
2553.17,2551.39,2557.65,2541.6,+0.15%,2017-10-08
2549.33,2521.2,2552.51,2520.4,+1.19%,2017-10-01
2519.36,2499.39,2519.44,2488.03,+0.68%,2017-09-24
2502.22,2502.51,2508.85,2496.54,+0.08%,2017-09-17
2500.23,2474.52,2500.23,2474.52,+1.58%,2017-09-10
2461.43,2470.35,2471.97,2446.55,-0.61%,2017-09-03
2476.55,2447.35,2480.38,2428.2,+1.37%,2017-08-27
2443.05,2425.5,2454.77,2417.35,+0.72%,2017-08-20
2425.55,2454.96,2474.93,2420.69,-0.65%,2017-08-13
2441.32,2477.14,2490.87,2437.75,-1.43%,2017-08-06
2476.83,2475.94,2480.38,2466.48,+0.19%,2017-07-30
2472.1,2472.04,2484.04,2459.93,-0.02%,2017-07-23
2472.54,2459.5,2477.62,2450.34,+0.54%,2017-07-16
2459.27,2424.51,2463.54,2412.79,+1.41%,2017-07-09
2425.18,2431.39,2439.17,2407.7,+0.07%,2017-07-02
2423.41,2443.32,2450.42,2405.7,-0.61%,2017-06-25
2438.3,2442.55,2453.82,2430.74,+0.21%,2017-06-18
2433.15,2425.88,2443.75,2418.53,+0.06%,2017-06-11
2431.77,2437.83,2446.2,2415.7,-0.30%,2017-06-04
2439.07,2411.67,2440.23,2403.59,+0.96%,2017-05-28
2415.82,2387.21,2418.71,2386.92,+1.43%,2017-05-21
2381.73,2393.98,2405.77,2352.72,-0.38%,2017-05-14
2390.9,2399.94,2403.87,2381.74,-0.35%,2017-05-07
2399.29,2388.5,2399.29,2379.75,+0.63%,2017-04-30
2384.2,2370.33,2398.16,2369.19,+1.51%,2017-04-23
2348.69,2332.62,2361.37,2332.51,+0.85%,2017-04-16
2328.95,2357.16,2366.37,2328.95,-1.13%,2017-04-09
2355.54,2362.34,2378.36,2344.73,-0.30%,2017-04-02
2362.72,2329.11,2370.42,2322.25,+0.80%,2017-03-26
2343.98,2378.24,2381.93,2335.74,-1.44%,2017-03-19
2378.25,2371.56,2390.01,2358.18,+0.24%,2017-03-12
2372.6,2375.23,2378.8,2354.54,-0.44%,2017-03-05
2383.12,2365.23,2400.98,2358.96,+0.67%,2017-02-26
2367.34,2354.91,2368.26,2352.87,+0.69%,2017-02-19
2351.16,2321.72,2351.31,2321.42,+1.51%,2017-02-12
2316.1,2294.28,2319.23,2285.38,+0.81%,2017-02-05
2297.42,2286.01,2298.31,2267.21,+0.12%,2017-01-29
2294.69,2267.78,2300.99,2257.02,+1.03%,2017-01-22
2271.31,2269.14,2276.96,2258.41,-0.15%,2017-01-15
2274.64,2273.59,2279.27,2254.25,-0.10%,2017-01-08
2276.98,2251.57,2282.1,2245.13,+1.70%,2017-01-01
2238.83,2266.23,2273.82,2233.62,-1.10%,2016-12-25
2263.79,2259.24,2272.56,2256.08,+0.25%,2016-12-18
2258.07,2258.83,2277.53,2248.44,-0.06%,2016-12-11
2259.53,2200.65,2259.8,2199.97,+3.08%,2016-12-04
2191.95,2210.21,2214.1,2187.44,-0.97%,2016-11-27
2213.35,2186.43,2213.35,2186.43,+1.44%,2016-11-20
2181.9,2165.64,2189.89,2156.08,+0.81%,2016-11-13
2164.45,2100.59,2182.3,2100.59,+3.80%,2016-11-06
2085.18,2129.78,2133.25,2083.79,-1.94%,2016-10-30
2126.41,2148.5,2154.79,2119.36,-0.69%,2016-10-23
2141.16,2132.95,2148.44,2124.43,+0.38%,2016-10-16
2132.98,2160.39,2169.6,2114.72,-0.96%,2016-10-09
2153.74,2164.33,2165.86,2144.01,-0.67%,2016-10-02
2168.27,2158.54,2175.3,2141.55,+0.17%,2016-09-25
2164.69,2143.99,2179.99,2135.91,+1.19%,2016-09-18
2139.16,2120.86,2163.3,2119.12,+0.53%,2016-09-11
2127.81,2181.61,2187.87,2127.81,-2.39%,2016-09-04
2179.98,2170.19,2184.87,2157.09,+0.50%,2016-08-28
2169.04,2181.58,2193.42,2160.39,-0.68%,2016-08-21
2183.87,2186.08,2193.81,2168.5,-0.01%,2016-08-14
2184.05,2183.76,2188.45,2172.0,+0.05%,2016-08-07
2182.87,2173.15,2182.87,2147.58,+0.43%,2016-07-31
2173.6,2173.71,2177.09,2159.07,-0.07%,2016-07-24
2175.03,2162.04,2175.63,2159.01,+0.61%,2016-07-17
2161.74,2131.72,2169.05,2131.72,+1.49%,2016-07-10
2129.9,2095.05,2131.71,2074.02,+1.28%,2016-07-03
2102.95,2031.45,2108.71,1991.68,+3.22%,2016-06-26
2037.41,2075.58,2113.32,2032.57,-1.63%,2016-06-19
2071.22,2091.75,2098.12,2050.37,-1.19%,2016-06-12
2096.07,2100.83,2120.55,2089.96,-0.15%,2016-06-05
2099.13,2100.13,2105.26,2085.1,0.00%,2016-05-29
2099.06,2052.23,2099.06,2047.26,+2.28%,2016-05-22
2052.32,2046.53,2071.88,2025.91,+0.28%,2016-05-15
2046.61,2057.55,2084.87,2043.13,-0.51%,2016-05-08
2057.14,2067.17,2083.42,2039.45,-0.40%,2016-05-01
2065.3,2089.37,2099.89,2052.28,-1.26%,2016-04-24
2091.58,2078.83,2111.05,2073.65,+0.52%,2016-04-17
2080.73,2050.23,2087.84,2039.74,+1.62%,2016-04-10
2047.6,2073.19,2074.02,2033.8,-1.21%,2016-04-03
2072.78,2037.89,2075.07,2028.31,+1.81%,2016-03-27
2035.94,2047.88,2056.6,2022.49,-0.67%,2016-03-20
2049.58,2019.27,2052.36,2005.23,+1.35%,2016-03-13
2022.19,1996.11,2022.37,1969.25,+1.11%,2016-03-06
1999.99,1947.13,2009.13,1931.81,+2.67%,2016-02-28
1948.05,1924.44,1962.96,1891.0,+1.58%,2016-02-21
1917.78,1871.44,1930.68,1871.44,+2.84%,2016-02-14
1864.78,1873.25,1881.6,1810.1,-0.81%,2016-02-07
1880.05,1936.94,1947.2,1872.23,-3.10%,2016-01-31
1940.24,1906.28,1940.24,1872.7,+1.75%,2016-01-24
1906.9,1888.66,1908.85,1812.29,+1.41%,2016-01-17
1880.33,1926.12,1950.33,1857.83,-2.17%,2016-01-10
1922.03,2038.2,2038.2,1918.46,-5.96%,2016-01-03
2043.94,2057.77,2081.56,2043.62,-0.83%,2015-12-27
2060.99,2010.27,2067.36,2005.93,+2.76%,2015-12-20
2005.55,2013.37,2076.72,1993.26,-0.34%,2015-12-13
2012.37,2090.42,2090.42,2008.8,-3.79%,2015-12-06
2091.69,2090.95,2104.27,2042.35,+0.08%,2015-11-29
2090.11,2089.41,2095.61,2070.29,+0.05%,2015-11-22
2089.17,2022.08,2097.06,2019.39,+3.27%,2015-11-15
2023.04,2096.56,2096.56,2022.02,-3.63%,2015-11-08
2099.2,2080.76,2116.48,2080.76,+0.95%,2015-11-01
2079.36,2075.08,2094.32,2058.84,+0.20%,2015-10-25
2075.15,2031.73,2079.74,2017.22,+2.07%,2015-10-18
2033.11,2015.65,2033.54,1990.73,+0.90%,2015-10-11
2014.89,1954.33,2020.13,1954.33,+3.26%,2015-10-04
1951.36,1929.18,1951.36,1871.91,+1.04%,2015-09-27
1931.34,1960.84,1979.64,1908.92,-1.36%,2015-09-20
1958.03,1963.06,2020.86,1948.27,-0.15%,2015-09-13
1961.05,1927.3,1988.63,1927.3,+2.07%,2015-09-06
1921.22,1986.73,1986.73,1903.07,-3.40%,2015-08-30
1988.87,1965.15,1993.48,1867.01,+0.91%,2015-08-23
1970.89,2089.7,2103.47,1970.89,-5.77%,2015-08-16
2091.54,2080.98,2105.35,2052.09,+0.67%,2015-08-09
2077.57,2104.49,2112.66,2067.91,-1.25%,2015-08-02
2103.84,2078.19,2114.24,2063.52,+1.16%,2015-07-26
2079.65,2126.85,2132.82,2077.09,-2.21%,2015-07-19
2126.64,2080.03,2128.91,2080.03,+2.41%,2015-07-12
2076.62,2073.95,2083.74,2044.02,-0.01%,2015-07-05
2076.78,2098.63,2098.63,2056.32,-1.18%,2015-06-28
2101.49,2112.5,2129.87,2095.38,-0.40%,2015-06-21
2109.99,2091.34,2126.65,2072.49,+0.76%,2015-06-14
2094.11,2092.34,2115.02,2072.14,+0.06%,2015-06-07
2092.83,2108.64,2121.92,2085.67,-0.69%,2015-05-31
2107.39,2125.34,2126.22,2099.18,-0.88%,2015-05-24
2126.06,2121.3,2134.72,2120.01,+0.16%,2015-05-17
2122.73,2115.56,2123.89,2085.57,+0.31%,2015-05-10
2116.1,2110.23,2120.95,2067.93,+0.37%,2015-05-03
2108.29,2119.29,2125.92,2077.59,-0.44%,2015-04-26
2117.69,2084.11,2120.92,2084.11,+1.75%,2015-04-19
2081.18,2102.03,2111.91,2072.37,-0.99%,2015-04-12
2102.06,2064.87,2102.61,2056.52,+1.70%,2015-04-05
2066.96,2064.11,2088.97,2048.38,+0.29%,2015-03-29
2061.02,2107.99,2114.86,2045.5,-2.23%,2015-03-22
2108.1,2055.35,2113.92,2055.35,+2.66%,2015-03-15
2053.4,2072.25,2083.49,2039.69,-0.86%,2015-03-08
2071.26,2105.23,2117.52,2067.27,-1.58%,2015-03-01
2104.5,2109.83,2119.59,2103.0,-0.27%,2015-02-22
2110.3,2096.47,2110.61,2085.44,+0.63%,2015-02-15
2096.99,2053.47,2097.03,2041.88,+2.02%,2015-02-08
2055.47,1996.67,2072.4,1980.9,+3.03%,2015-02-01
1994.99,2050.42,2057.62,1989.18,-2.77%,2015-01-25
2051.82,2020.76,2064.62,2004.49,+1.60%,2015-01-18
2019.42,2046.13,2056.93,1988.12,-1.24%,2015-01-11
2044.81,2054.44,2064.43,1992.44,-0.65%,2015-01-04
2058.2,2087.63,2093.55,2046.04,-1.46%,2014-12-28
2088.77,2069.28,2092.7,2069.28,+0.88%,2014-12-21
2070.65,2005.03,2077.85,1972.56,+3.41%,2014-12-14
2002.33,2074.84,2075.78,2002.33,-3.52%,2014-12-07
2075.37,2065.78,2079.47,2049.57,+0.38%,2014-11-30
2067.56,2065.07,2075.76,2064.75,+0.20%,2014-11-23
2063.5,2038.29,2071.46,2034.46,+1.16%,2014-11-16
2039.82,2032.01,2046.18,2030.17,+0.39%,2014-11-09
2031.92,2018.21,2034.26,2001.01,+0.69%,2014-11-02
2018.05,1962.97,2018.19,1951.37,+2.72%,2014-10-26
1964.58,1885.62,1965.27,1882.3,+4.12%,2014-10-19
1886.76,1905.65,1912.09,1820.66,-1.02%,2014-10-12
1906.13,1970.01,1977.84,1906.05,-3.14%,2014-10-05
1967.9,1978.96,1985.17,1926.03,-0.75%,2014-09-28
1982.85,2009.08,2009.08,1965.99,-1.37%,2014-09-21
2010.4,1986.04,2019.26,1978.48,+1.25%,2014-09-14
1985.54,2007.17,2007.17,1980.26,-1.10%,2014-09-07
2007.71,2004.07,2011.17,1990.1,+0.22%,2014-08-31
2003.37,1991.74,2005.04,1990.52,+0.75%,2014-08-24
1988.4,1958.36,1994.76,1958.36,+1.71%,2014-08-17
1955.06,1933.43,1964.04,1928.29,+1.22%,2014-08-10
1931.59,1926.62,1942.92,1904.78,+0.33%,2014-08-03
1925.15,1978.25,1984.85,1916.37,-2.69%,2014-07-27
1978.34,1976.93,1991.39,1965.77,+0.01%,2014-07-20
1978.22,1969.86,1983.94,1955.59,+0.54%,2014-07-13
1967.57,1984.22,1984.22,1952.86,-0.90%,2014-07-06
1985.44,1960.79,1985.59,1958.22,+1.25%,2014-06-29
1960.96,1962.92,1968.17,1944.69,-0.10%,2014-06-22
1962.87,1934.84,1963.91,1930.91,+1.38%,2014-06-15
1936.16,1948.97,1955.55,1925.78,-0.68%,2014-06-08
1949.44,1923.87,1949.44,1915.98,+1.34%,2014-06-01
1923.57,1902.01,1924.03,1902.01,+1.21%,2014-05-25
1900.53,1876.66,1901.26,1868.14,+1.21%,2014-05-18
1877.86,1880.03,1902.17,1862.36,-0.03%,2014-05-11
1878.48,1879.45,1889.07,1859.79,-0.14%,2014-05-04
1881.14,1865.0,1891.33,1850.61,+0.95%,2014-04-27
1863.4,1865.79,1884.89,1859.7,-0.08%,2014-04-20
1864.85,1818.18,1869.63,1815.8,+2.71%,2014-04-13
1815.69,1863.92,1872.53,1814.36,-2.65%,2014-04-06
1865.09,1859.16,1897.28,1859.16,+0.40%,2014-03-30
1857.62,1867.67,1875.92,1842.11,-0.48%,2014-03-23
1866.52,1842.81,1883.97,1842.81,+1.38%,2014-03-16
1841.13,1877.86,1882.35,1839.57,-1.97%,2014-03-09
1878.04,1857.68,1883.57,1834.44,+1.00%,2014-03-02
1859.45,1836.78,1867.92,1836.78,+1.26%,2014-02-23
1836.25,1839.03,1847.5,1824.58,-0.13%,2014-02-16
1838.63,1796.2,1841.65,1791.83,+2.32%,2014-02-09
1797.02,1782.68,1798.03,1737.92,+0.81%,2014-02-02
1782.59,1791.03,1798.77,1770.45,-0.43%,2014-01-26
1790.29,1841.05,1849.31,1790.29,-2.63%,2014-01-19
1838.7,1841.26,1850.84,1815.52,-0.20%,2014-01-12
1842.37,1832.31,1843.23,1823.73,+0.60%,2014-01-05
1831.37,1841.47,1849.44,1827.74,-0.54%,2013-12-29
1841.4,1822.92,1844.89,1822.92,+1.27%,2013-12-22
1818.32,1777.48,1823.75,1767.99,+2.42%,2013-12-15
1775.32,1806.21,1811.52,1772.28,-1.65%,2013-12-08
1805.09,1806.55,1810.02,1779.09,-0.04%,2013-12-01
1805.81,1806.33,1813.55,1800.58,+0.06%,2013-11-24
1804.76,1798.82,1804.84,1777.23,+0.37%,2013-11-17
1798.18,1769.96,1798.22,1760.64,+1.56%,2013-11-10
1770.61,1763.4,1774.54,1746.2,+0.51%,2013-11-03
1761.64,1759.42,1775.22,1752.7,+0.11%,2013-10-27
1759.77,1745.2,1759.82,1740.5,+0.88%,2013-10-20
1744.5,1699.86,1745.31,1692.13,+2.42%,2013-10-13
1703.2,1687.15,1703.44,1646.47,+0.75%,2013-10-06
1690.5,1687.26,1696.55,1670.36,-0.07%,2013-09-29
1691.75,1711.44,1711.44,1687.11,-1.06%,2013-09-22
1709.91,1691.7,1729.86,1691.7,+1.30%,2013-09-15
1687.99,1656.85,1689.97,1656.85,+1.98%,2013-09-08
1655.17,1635.95,1664.83,1633.41,+1.36%,2013-09-01
1632.97,1664.29,1669.51,1627.47,-1.84%,2013-08-25
1663.5,1655.25,1664.85,1639.43,+0.46%,2013-08-18
1655.83,1688.37,1696.81,1652.61,-2.10%,2013-08-11
1691.42,1708.01,1709.24,1684.91,-1.07%,2013-08-04
1709.67,1690.32,1709.67,1681.86,+1.07%,2013-07-28
1691.65,1694.41,1698.78,1676.03,-0.03%,2013-07-21
1692.09,1679.59,1693.12,1671.84,+0.71%,2013-07-14
1680.19,1634.2,1680.19,1634.2,+2.96%,2013-07-07
1631.89,1609.78,1632.07,1604.57,+1.59%,2013-06-30
1606.28,1588.77,1620.07,1560.33,+0.87%,2013-06-23
1592.43,1630.64,1654.19,1577.7,-2.11%,2013-06-16
1626.73,1644.67,1648.69,1608.07,-1.01%,2013-06-09
1643.38,1631.71,1646.53,1598.23,+0.78%,2013-06-02
1630.74,1652.63,1674.21,1630.74,-1.14%,2013-05-26
1649.6,1665.71,1687.18,1635.53,-1.07%,2013-05-19
1667.47,1632.1,1667.47,1626.74,+2.07%,2013-05-12
1633.7,1614.4,1635.01,1614.21,+1.19%,2013-05-05
1614.42,1582.34,1618.46,1581.28,+2.03%,2013-04-28
1582.24,1555.25,1592.64,1548.19,+1.74%,2013-04-21
1555.25,1588.84,1588.84,1536.03,-2.11%,2013-04-14
1588.85,1553.26,1597.35,1548.63,+2.29%,2013-04-07
1553.28,1569.18,1573.66,1539.5,-1.01%,2013-03-31
1569.19,1556.89,1570.28,1546.22,+0.79%,2013-03-24
1556.89,1560.7,1561.56,1538.57,-0.24%,2013-03-17
1560.7,1551.15,1563.62,1547.36,+0.61%,2013-03-10
1551.18,1518.2,1552.48,1512.29,+2.17%,2013-03-03
1518.2,1515.6,1525.84,1485.01,+0.17%,2013-02-24
1515.6,1519.79,1530.94,1497.29,-0.28%,2013-02-17
1519.79,1517.93,1524.69,1513.61,+0.12%,2013-02-10
1517.93,1513.17,1518.31,1495.02,+0.31%,2013-02-03
1513.17,1502.96,1514.41,1496.33,+0.68%,2013-01-27
1502.96,1485.98,1503.26,1481.16,+1.14%,2013-01-20
1485.98,1472.05,1485.98,1463.76,+0.95%,2013-01-13
1472.05,1466.47,1472.75,1451.64,+0.38%,2013-01-06
1466.47,1402.43,1467.94,1398.11,+4.57%,2012-12-30
1402.43,1430.15,1430.15,1401.58,-1.94%,2012-12-23
1430.15,1413.54,1448.0,1413.54,+1.17%,2012-12-16
1413.58,1418.07,1438.59,1411.88,-0.32%,2012-12-09
1418.07,1416.34,1423.73,1398.23,+0.13%,2012-12-02
1416.18,1409.15,1419.7,1385.43,+0.50%,2012-11-25
1409.15,1359.88,1409.16,1359.88,+3.62%,2012-11-18
1359.88,1379.86,1388.81,1343.35,-1.45%,2012-11-11
1379.85,1414.02,1433.38,1373.03,-2.43%,2012-11-04
1414.2,1410.99,1434.27,1405.95,+0.16%,2012-10-28
1411.94,1433.21,1435.46,1403.28,-1.48%,2012-10-21
1433.19,1428.75,1464.02,1427.24,+0.32%,2012-10-14
1428.59,1460.93,1460.93,1425.53,-2.21%,2012-10-07
1460.93,1440.9,1470.96,1439.01,+1.41%,2012-09-30
1440.67,1459.76,1463.24,1430.53,-1.33%,2012-09-23
1460.15,1465.42,1467.07,1449.98,-0.38%,2012-09-16
1465.77,1437.92,1474.51,1428.98,+1.94%,2012-09-09
1437.92,1406.54,1437.92,1396.56,+2.23%,2012-09-02
1406.58,1411.13,1416.17,1397.01,-0.32%,2012-08-26
1411.13,1417.85,1426.68,1398.04,-0.50%,2012-08-19
1418.16,1405.87,1418.71,1397.32,+0.87%,2012-08-12
1405.87,1391.04,1407.14,1391.04,+1.07%,2012-08-05
1390.99,1385.94,1394.16,1354.65,+0.36%,2012-07-29
1385.97,1362.34,1389.19,1329.24,+1.71%,2012-07-22
1362.66,1356.5,1380.39,1345.07,+0.43%,2012-07-15
1356.78,1354.66,1361.54,1325.41,+0.16%,2012-07-08
1354.68,1362.33,1374.81,1348.03,-0.55%,2012-07-01
1362.16,1334.9,1362.17,1309.27,+2.03%,2012-06-24
1335.02,1342.42,1363.46,1324.41,-0.58%,2012-06-17
1342.84,1325.72,1343.32,1306.62,+1.30%,2012-06-10
1325.66,1278.29,1329.05,1266.74,+3.73%,2012-06-03
1278.04,1318.9,1334.93,1277.25,-3.02%,2012-05-27
1317.82,1295.73,1328.49,1295.73,+1.74%,2012-05-20
1295.22,1351.93,1351.93,1291.98,-4.30%,2012-05-13
1353.39,1368.79,1373.91,1343.13,-1.15%,2012-05-06
1369.1,1403.26,1415.32,1367.96,-2.44%,2012-04-29
1403.36,1378.53,1406.64,1358.79,+1.80%,2012-04-22
1378.53,1370.27,1392.76,1365.38,+0.60%,2012-04-15
1370.26,1397.45,1397.45,1357.38,-1.99%,2012-04-08
1398.08,1408.47,1422.38,1392.92,-0.74%,2012-04-01
1408.47,1397.11,1419.15,1391.56,+0.81%,2012-03-25
1397.11,1404.17,1414.0,1386.87,-0.50%,2012-03-18
1404.17,1370.78,1405.88,1366.69,+2.43%,2012-03-11
1370.87,1369.59,1374.76,1340.03,+0.09%,2012-03-04
1369.63,1365.2,1378.04,1354.92,+0.28%,2012-02-26
1365.74,1361.22,1368.92,1352.28,+0.33%,2012-02-19
1361.23,1343.06,1363.4,1340.8,+1.38%,2012-02-12
1342.64,1344.32,1354.32,1335.92,-0.17%,2012-02-05
1344.9,1316.16,1345.34,1300.49,+2.17%,2012-01-29
1316.33,1315.29,1333.47,1306.06,+0.07%,2012-01-22
1315.38,1290.22,1315.49,1290.22,+2.04%,2012-01-15
1289.09,1277.83,1296.82,1274.55,+0.88%,2012-01-08
1277.81,1258.86,1284.62,1258.86,+1.61%,2012-01-01
1257.6,1265.02,1269.37,1248.64,-0.61%,2011-12-25
1265.33,1219.74,1265.42,1202.37,+3.74%,2011-12-18
1219.66,1255.05,1255.05,1209.47,-2.83%,2011-12-11
1255.19,1244.33,1267.06,1231.47,+0.88%,2011-12-04
1244.28,1158.67,1260.08,1158.67,+7.39%,2011-11-27
1158.67,1215.62,1215.62,1158.66,-4.69%,2011-11-20
1215.65,1263.85,1264.25,1209.43,-3.81%,2011-11-13
1263.85,1253.21,1277.55,1226.64,+0.85%,2011-11-06
1253.23,1284.96,1284.96,1215.42,-2.48%,2011-10-30
1285.09,1238.72,1292.66,1221.06,+3.78%,2011-10-23
1238.25,1224.47,1239.03,1191.48,+1.12%,2011-10-16
1224.58,1158.15,1224.61,1158.15,+5.98%,2011-10-09
1155.46,1131.21,1171.4,1074.77,+2.12%,2011-10-02
1131.42,1136.91,1195.86,1131.07,-0.44%,2011-09-25
1136.43,1214.99,1220.39,1114.22,-6.54%,2011-09-18
1216.01,1153.5,1220.06,1136.07,+5.35%,2011-09-11
1154.23,1173.97,1204.4,1140.13,-1.68%,2011-09-04
1173.97,1177.91,1230.71,1170.56,-0.24%,2011-08-28
1176.8,1123.55,1190.68,1121.09,+4.74%,2011-08-21
1123.53,1178.86,1208.47,1122.05,-4.69%,2011-08-14
1178.81,1198.48,1198.48,1101.54,-1.72%,2011-08-07
1199.38,1292.59,1307.38,1168.09,-7.19%,2011-07-31
1292.28,1344.32,1344.32,1282.86,-3.92%,2011-07-24
1345.02,1315.94,1347.0,1295.92,+2.19%,2011-07-17
1316.14,1343.31,1343.31,1306.51,-2.06%,2011-07-10
1343.8,1339.59,1356.48,1330.92,+0.31%,2011-07-03
1339.67,1268.44,1341.01,1267.53,+5.61%,2011-06-26
1268.45,1271.5,1298.61,1262.87,-0.24%,2011-06-19
1271.5,1271.31,1292.5,1258.07,+0.04%,2011-06-12
1270.98,1300.26,1300.26,1268.28,-2.24%,2011-06-05
1300.16,1331.1,1345.2,1297.9,-2.32%,2011-05-29
1331.1,1333.07,1334.62,1311.8,-0.16%,2011-05-22
1333.27,1334.77,1346.82,1318.51,-0.34%,2011-05-15
1337.78,1340.2,1359.44,1332.03,-0.18%,2011-05-08
1340.2,1365.21,1370.58,1329.17,-1.72%,2011-05-01
1363.61,1337.14,1364.56,1331.47,+1.96%,2011-04-24
1337.38,1313.35,1337.49,1294.7,+1.34%,2011-04-17
1319.68,1329.01,1333.77,1302.42,-0.64%,2011-04-10
1328.17,1333.56,1339.46,1322.94,-0.32%,2011-04-03
1332.41,1315.45,1337.85,1305.26,+1.42%,2011-03-27
1313.8,1281.65,1319.18,1281.65,+2.70%,2011-03-20
1279.2,1301.19,1301.19,1249.05,-1.92%,2011-03-13
1304.28,1322.72,1327.68,1291.99,-1.28%,2011-03-06
1321.15,1321.61,1332.28,1302.58,+0.10%,2011-02-27
1319.88,1338.91,1338.91,1294.26,-1.53%,2011-02-20
1340.43,1334.37,1341.5,1331.0,+0.85%,2011-02-13
1329.15,1311.85,1330.79,1311.74,+1.39%,2011-02-06
1310.87,1276.5,1311.0,1276.5,+2.71%,2011-01-30
1276.34,1283.29,1302.67,1275.1,-0.55%,2011-01-23
1283.35,1293.22,1296.06,1271.26,-0.76%,2011-01-16
1293.24,1270.84,1293.24,1262.18,+1.71%,2011-01-09
1271.5,1257.62,1278.17,1257.62,+1.10%,2011-01-02
1257.64,1254.66,1262.6,1251.48,+0.07%,2010-12-26
1256.77,1245.76,1259.39,1241.51,+1.03%,2010-12-19
1243.91,1242.52,1246.73,1232.85,+0.28%,2010-12-12
1240.4,1223.87,1240.4,1219.5,+1.28%,2010-12-05
1224.71,1189.08,1225.57,1173.64,+2.97%,2010-11-28
1189.4,1198.07,1198.94,1176.91,-0.86%,2010-11-21
1199.73,1200.44,1207.43,1173.0,+0.04%,2010-11-14
1199.21,1223.24,1226.84,1194.08,-2.17%,2010-11-07
1225.85,1185.71,1227.08,1177.65,+3.60%,2010-10-31
1183.26,1184.74,1196.14,1171.7,+0.02%,2010-10-24
1183.08,1176.83,1189.43,1159.71,+0.59%,2010-10-17
1176.19,1165.32,1184.38,1155.71,+0.95%,2010-10-10
1165.15,1144.96,1167.73,1131.87,+1.65%,2010-10-03
1146.24,1148.64,1157.16,1132.09,-0.21%,2010-09-26
1148.67,1126.57,1148.9,1122.79,+2.05%,2010-09-19
1125.59,1113.38,1131.47,1113.38,+1.45%,2010-09-12
1109.55,1102.6,1110.88,1091.15,+0.46%,2010-09-05
1104.51,1062.9,1105.1,1040.88,+3.75%,2010-08-29
1064.59,1073.36,1081.58,1039.7,-0.66%,2010-08-22
1071.69,1077.49,1100.14,1063.91,-0.70%,2010-08-15
1079.25,1122.8,1129.24,1076.69,-3.78%,2010-08-08
1121.64,1107.53,1128.75,1107.17,+1.82%,2010-08-01
1101.6,1102.89,1120.95,1088.01,-0.10%,2010-07-25
1102.66,1066.85,1103.73,1056.88,+3.55%,2010-07-18
1064.88,1077.23,1099.46,1063.32,-1.21%,2010-07-11
1077.96,1028.09,1078.16,1018.35,+5.42%,2010-07-04
1022.58,1077.5,1082.6,1010.91,-5.03%,2010-06-27
1076.76,1122.79,1131.23,1067.89,-3.65%,2010-06-20
1117.51,1095.0,1121.01,1089.03,+2.37%,2010-06-13
1091.6,1065.84,1092.25,1042.17,+2.51%,2010-06-06
1064.88,1087.3,1105.67,1060.5,-2.25%,2010-05-30
1089.41,1084.78,1103.52,1040.78,+0.16%,2010-05-23
1087.69,1136.52,1148.66,1055.9,-4.23%,2010-05-16
1135.68,1122.27,1173.57,1122.27,+2.23%,2010-05-09
1110.88,1188.58,1205.13,1065.79,-6.39%,2010-05-02
1186.69,1217.07,1219.8,1181.62,-2.51%,2010-04-25
1217.28,1192.06,1217.28,1183.68,+2.11%,2010-04-18
1192.13,1194.94,1213.92,1186.77,-0.19%,2010-04-11
1194.37,1178.71,1194.66,1175.12,+1.38%,2010-04-04
1178.1,1167.71,1181.43,1165.77,+0.99%,2010-03-28
1166.59,1157.25,1180.69,1152.88,+0.58%,2010-03-21
1159.9,1148.53,1169.84,1141.45,+0.86%,2010-03-14
1149.99,1138.4,1153.41,1134.9,+0.99%,2010-03-07
1138.7,1105.36,1139.38,1105.36,+3.10%,2010-02-28
1104.49,1110.0,1112.29,1086.02,-0.42%,2010-02-21
1109.17,1079.13,1112.42,1079.13,+3.13%,2010-02-14
1075.51,1065.51,1080.04,1056.51,+0.87%,2010-02-07
1066.19,1073.89,1104.73,1044.5,-0.72%,2010-01-31
1073.87,1092.4,1103.69,1071.59,-1.64%,2010-01-24
1091.76,1136.03,1150.45,1090.18,-3.90%,2010-01-17
1136.03,1145.96,1150.41,1131.39,-0.78%,2010-01-10
1144.98,1116.56,1145.39,1116.56,+2.68%,2010-01-03
1115.1,1127.53,1130.38,1114.81,-1.01%,2009-12-27
1126.48,1105.31,1126.48,1105.31,+2.18%,2009-12-20
1102.47,1107.84,1116.21,1093.88,-0.36%,2009-12-13
1106.41,1105.52,1110.72,1085.89,+0.04%,2009-12-06
1105.98,1091.07,1119.13,1086.25,+1.33%,2009-11-29
1091.49,1094.86,1112.38,1083.74,+0.01%,2009-11-22
1091.38,1094.13,1113.69,1086.81,-0.19%,2009-11-15
1093.48,1072.31,1105.37,1072.31,+2.26%,2009-11-08
1069.3,1036.18,1071.48,1029.38,+3.20%,2009-11-01
1036.19,1080.36,1091.75,1033.38,-4.02%,2009-10-25
1079.6,1088.22,1101.36,1074.31,-0.74%,2009-10-18
1087.68,1071.63,1096.56,1066.71,+1.51%,2009-10-11
1071.49,1026.87,1071.51,1025.92,+4.51%,2009-10-04
1025.21,1045.38,1069.62,1019.95,-1.84%,2009-09-27
1044.38,1067.14,1080.15,1041.17,-2.24%,2009-09-20
1068.3,1040.15,1074.77,1035.0,+2.45%,2009-09-13
1042.73,1018.67,1048.18,1018.67,+2.59%,2009-09-06
1016.4,1025.21,1028.45,991.97,-1.22%,2009-08-30
1028.93,1026.59,1039.47,1016.2,+0.27%,2009-08-23
1026.13,998.18,1027.59,978.51,+2.20%,2009-08-16
1004.09,1008.89,1013.14,992.4,-0.63%,2009-08-09
1010.48,990.22,1018.0,990.22,+2.33%,2009-08-02
987.48,978.63,996.68,968.65,+0.84%,2009-07-26
979.26,942.07,979.79,940.99,+4.13%,2009-07-19
940.38,879.57,943.96,875.32,+6.97%,2009-07-12
879.13,894.27,898.72,869.32,-1.93%,2009-07-05
896.42,919.86,931.92,896.42,-2.45%,2009-06-28
918.9,918.13,922.0,888.86,-0.25%,2009-06-21
921.23,942.45,942.45,903.78,-2.64%,2009-06-14
946.21,938.12,956.23,926.44,+0.65%,2009-06-07
940.09,923.26,951.69,923.26,+2.28%,2009-05-31
919.14,887.0,920.02,881.46,+3.62%,2009-05-24
887.0,886.07,924.6,879.61,+0.47%,2009-05-17
882.88,922.99,922.99,878.94,-4.99%,2009-05-10
929.23,879.21,930.17,879.21,+5.89%,2009-05-03
877.52,862.82,888.7,847.12,+1.30%,2009-04-26
866.23,868.27,871.8,826.83,-0.39%,2009-04-19
869.6,855.33,875.63,835.58,+1.52%,2009-04-12
856.56,839.75,856.91,814.53,+1.67%,2009-04-05
842.5,809.07,845.61,779.81,+3.26%,2009-03-29
815.94,772.31,832.98,772.31,+6.17%,2009-03-22
768.54,758.84,803.24,749.93,+1.58%,2009-03-15
756.55,680.76,758.29,672.88,+10.71%,2009-03-08
683.38,729.57,729.57,666.79,-7.03%,2009-03-01
735.09,773.25,780.12,734.52,-4.54%,2009-02-22
770.05,818.61,818.61,754.25,-6.87%,2009-02-15
826.84,868.24,875.01,808.06,-4.81%,2009-02-08
868.6,823.09,870.75,812.87,+5.17%,2009-02-01
825.88,832.5,877.86,821.67,-0.73%,2009-01-25
831.95,849.64,849.64,804.3,-2.14%,2009-01-18
850.12,890.4,890.4,817.04,-4.52%,2009-01-11
890.35,929.17,943.85,888.31,-4.45%,2009-01-04
931.8,872.37,934.73,857.07,+6.76%,2008-12-28
872.8,887.2,887.37,857.09,-1.70%,2008-12-21
887.88,881.07,918.85,857.72,+0.93%,2008-12-14
879.73,882.71,918.57,851.35,+0.42%,2008-12-07
876.07,888.61,888.61,815.69,-2.25%,2008-11-30
896.24,801.2,896.25,801.2,+12.03%,2008-11-23
800.03,873.23,882.29,741.02,-8.39%,2008-11-16
873.29,936.75,951.95,818.69,-6.20%,2008-11-09
930.99,968.67,1007.51,899.73,-3.90%,2008-11-02
968.75,874.28,984.38,845.27,+10.49%,2008-10-26
876.77,943.51,985.44,852.85,-6.78%,2008-10-19
940.55,912.75,1044.31,865.83,+4.60%,2008-10-12
899.22,1097.56,1097.56,839.8,-18.20%,2008-10-05
1099.23,1209.07,1209.07,1098.14,-9.40%,2008-09-28
1213.27,1255.37,1255.37,1179.79,-3.33%,2008-09-21
1255.08,1250.92,1265.12,1133.5,+0.27%,2008-09-14
1251.7,1249.5,1274.42,1211.54,+0.76%,2008-09-07
1242.31,1287.83,1303.04,1217.23,-3.16%,2008-08-31
1282.83,1290.47,1300.68,1263.21,-0.73%,2008-08-24
1292.2,1298.14,1300.22,1261.16,-0.46%,2008-08-17
1298.2,1294.42,1313.15,1274.86,+0.15%,2008-08-10
1296.32,1253.27,1297.85,1247.45,+2.86%,2008-08-03
1260.31,1257.76,1284.93,1234.37,+0.20%,2008-07-27
1257.76,1261.82,1291.17,1248.83,-0.23%,2008-07-20
1260.68,1241.61,1262.31,1200.44,+1.71%,2008-07-13
1239.49,1262.9,1277.36,1225.35,-1.85%,2008-07-06
1262.9,1278.06,1292.17,1252.01,-1.21%,2008-06-29
1278.38,1319.77,1335.63,1272.0,-3.00%,2008-06-22
1317.93,1358.85,1366.59,1314.46,-3.10%,2008-06-15
1360.03,1360.83,1370.63,1331.29,-0.05%,2008-06-08
1360.68,1399.62,1404.05,1359.9,-2.83%,2008-06-01
1400.38,1375.97,1406.32,1373.07,+1.78%,2008-05-25
1375.93,1425.28,1440.24,1373.72,-3.47%,2008-05-18
1425.35,1389.4,1425.82,1386.2,+2.67%,2008-05-11
1388.28,1415.34,1421.57,1384.11,-1.81%,2008-05-04
1413.9,1397.96,1422.72,1383.07,+1.15%,2008-04-27
1397.84,1387.72,1399.11,1369.84,+0.54%,2008-04-20
1390.33,1332.2,1395.9,1324.35,+4.31%,2008-04-13
1332.83,1373.69,1386.74,1331.21,-2.74%,2008-04-06
1370.4,1315.92,1380.91,1312.81,+4.20%,2008-03-30
1315.22,1330.29,1359.68,1312.95,-1.07%,2008-03-23
1329.51,1283.21,1341.51,1256.98,+3.21%,2008-03-16
1288.14,1293.16,1333.26,1272.66,-0.40%,2008-03-09
1293.37,1330.45,1344.19,1282.43,-2.80%,2008-03-02
1330.63,1352.75,1388.34,1325.42,-1.66%,2008-02-24
1353.11,1355.86,1367.94,1327.04,+0.23%,2008-02-17
1349.99,1331.92,1369.23,1320.32,+1.40%,2008-02-10
1331.29,1395.38,1395.38,1316.75,-4.60%,2008-02-03
1395.42,1330.7,1396.02,1322.26,+4.87%,2008-01-27
1330.61,1312.94,1368.56,1270.05,+0.41%,2008-01-20
1325.19,1402.91,1417.89,1312.51,-5.41%,2008-01-13
1401.02,1414.07,1430.28,1378.7,-0.75%,2008-01-06
1411.63,1475.25,1475.83,1411.19,-4.52%,2007-12-30
1478.49,1484.55,1498.85,1471.7,-0.40%,2007-12-23
1484.46,1465.05,1485.4,1435.65,+1.12%,2007-12-16
1467.95,1505.11,1523.57,1467.78,-2.44%,2007-12-09
1504.66,1479.63,1510.63,1460.66,+1.59%,2007-12-02
1481.14,1440.74,1488.94,1406.1,+2.81%,2007-11-25
1440.7,1456.7,1456.7,1415.64,-1.24%,2007-11-18
1458.74,1453.66,1492.14,1438.53,+0.35%,2007-11-11
1453.7,1505.61,1520.77,1448.51,-3.71%,2007-11-04
1509.65,1536.92,1552.76,1492.53,-1.67%,2007-10-28
1535.28,1497.79,1535.53,1489.56,+2.31%,2007-10-21
1500.63,1562.25,1564.74,1500.26,-3.92%,2007-10-14
1561.8,1556.51,1576.09,1546.72,+0.27%,2007-10-07
1557.59,1527.29,1561.91,1527.25,+2.02%,2007-09-30
1526.75,1525.75,1533.74,1507.13,+0.07%,2007-09-23
1525.75,1484.24,1538.74,1471.82,+2.80%,2007-09-16
1484.25,1453.5,1489.58,1439.29,+2.11%,2007-09-09
1453.55,1473.96,1496.4,1449.07,-1.39%,2007-09-02
1473.99,1479.36,1481.47,1432.01,-0.36%,2007-08-26
1479.37,1445.94,1479.4,1430.54,+2.31%,2007-08-19
1445.94,1453.42,1466.29,1370.6,-0.53%,2007-08-12
1453.64,1433.04,1503.89,1427.39,+1.44%,2007-08-05
1433.06,1458.93,1488.3,1432.8,-1.77%,2007-07-29
1458.95,1534.06,1547.23,1458.95,-4.90%,2007-07-22
1534.1,1552.5,1555.9,1529.2,-1.19%,2007-07-15
1552.5,1530.43,1555.1,1506.1,+1.44%,2007-07-08
1530.44,1504.66,1532.4,1504.66,+1.80%,2007-07-01
1503.35,1502.56,1517.53,1484.18,+0.05%,2007-06-24
1502.56,1532.9,1537.32,1500.74,-1.98%,2007-06-17
1532.91,1507.64,1538.71,1492.65,+1.67%,2007-06-10
1507.67,1536.28,1540.53,1487.41,-1.87%,2007-06-03
1536.34,1515.55,1540.56,1510.06,+1.36%,2007-05-27
1515.73,1522.75,1532.43,1505.18,-0.46%,2007-05-20
1522.75,1505.76,1522.75,1498.34,+1.12%,2007-05-13
1505.85,1505.57,1513.8,1491.42,+0.02%,2007-05-06
1505.62,1494.07,1510.34,1476.7,+0.77%,2007-04-29
1494.07,1484.33,1498.02,1473.74,+0.65%,2007-04-22
1484.35,1452.84,1484.74,1452.84,+2.17%,2007-04-15
1452.85,1443.77,1453.11,1433.91,+0.63%,2007-04-08
1443.76,1420.83,1444.88,1416.37,+1.61%,2007-04-01
1420.86,1436.11,1437.65,1408.9,-1.06%,2007-03-25
1436.11,1386.95,1438.89,1386.95,+3.54%,2007-03-18
1386.95,1402.8,1409.34,1363.98,-1.13%,2007-03-11
1402.84,1387.11,1410.15,1373.97,+1.13%,2007-03-04
1387.17,1451.04,1456.95,1380.87,-4.41%,2007-02-25
1451.19,1455.53,1461.57,1448.36,-0.30%,2007-02-18
1455.54,1438.0,1457.97,1431.44,+1.22%,2007-02-11
1438.06,1448.33,1452.99,1433.44,-0.71%,2007-02-04
1448.39,1422.03,1449.33,1418.46,+1.84%,2007-01-28
1422.18,1430.47,1440.69,1416.96,-0.58%,2007-01-21
1430.5,1430.73,1435.27,1424.21,-0.02%,2007-01-14
1430.73,1409.26,1431.23,1403.97,+1.49%,2007-01-07
1409.71,1418.03,1429.42,1405.75,-0.61%,2006-12-31
1418.3,1410.75,1427.72,1410.45,+0.53%,2006-12-24
1410.76,1427.08,1431.81,1410.28,-1.14%,2006-12-17
1427.09,1409.81,1431.63,1404.75,+1.22%,2006-12-10
1409.84,1396.67,1418.27,1396.67,+0.94%,2006-12-03
1396.71,1400.95,1406.3,1377.83,-0.30%,2006-11-26
1400.95,1401.17,1407.89,1397.85,-0.02%,2006-11-19
1401.2,1380.58,1403.76,1378.8,+1.47%,2006-11-12
1380.9,1364.27,1388.92,1364.27,+1.22%,2006-11-05
1364.3,1377.3,1381.95,1360.98,-0.95%,2006-10-29
1377.34,1368.58,1389.45,1363.94,+0.64%,2006-10-22
1368.6,1365.61,1372.87,1356.87,+0.22%,2006-10-15
1365.62,1349.58,1366.63,1343.57,+1.19%,2006-10-08
1349.59,1335.82,1353.79,1327.1,+1.03%,2006-10-01
1335.85,1314.78,1340.28,1311.58,+1.60%,2006-09-24
1314.78,1319.85,1328.53,1310.94,-0.37%,2006-09-17
1319.66,1298.86,1324.65,1290.93,+1.60%,2006-09-10
1298.92,1310.94,1314.67,1292.13,-0.92%,2006-09-03
1311.01,1295.09,1312.03,1293.97,+1.23%,2006-08-27
1295.09,1302.3,1302.49,1289.82,-0.55%,2006-08-20
1302.3,1266.67,1302.3,1266.67,+2.81%,2006-08-13
1266.74,1279.31,1283.74,1261.3,-0.99%,2006-08-06
1279.36,1278.53,1292.92,1265.71,+0.06%,2006-07-30
1278.55,1240.25,1280.42,1240.25,+3.08%,2006-07-23
1240.29,1236.2,1262.56,1224.54,+0.33%,2006-07-16
1236.2,1265.46,1274.06,1228.45,-2.31%,2006-07-09
1265.48,1270.06,1280.38,1263.13,-0.37%,2006-07-02
1270.2,1244.5,1276.3,1237.59,+2.07%,2006-06-25
1244.5,1251.54,1257.96,1237.17,-0.56%,2006-06-18
1251.54,1252.27,1258.64,1219.29,-0.06%,2006-06-11
1252.3,1288.16,1288.16,1235.18,-2.79%,2006-06-04
1288.22,1280.04,1290.68,1259.38,+0.63%,2006-05-28
1280.16,1267.03,1280.54,1245.34,+1.04%,2006-05-21
1267.03,1291.19,1297.88,1256.28,-1.87%,2006-05-14
1291.24,1325.76,1326.7,1290.38,-2.60%,2006-05-07
1325.76,1310.61,1326.53,1303.46,+1.16%,2006-04-30
1310.61,1311.28,1316.04,1295.57,-0.05%,2006-04-23
1311.28,1289.12,1318.16,1280.74,+1.72%,2006-04-16
1289.12,1295.51,1300.74,1282.96,-0.49%,2006-04-09
1295.5,1302.88,1314.07,1294.18,+0.05%,2006-04-02
1294.87,1302.95,1310.15,1291.84,-0.62%,2006-03-26
1302.95,1307.25,1310.88,1295.81,-0.33%,2006-03-19
1307.25,1281.58,1310.45,1281.58,+2.02%,2006-03-12
1281.42,1287.23,1288.23,1268.42,-0.45%,2006-03-05
1287.23,1289.43,1297.57,1278.66,-0.17%,2006-02-26
1289.43,1287.24,1294.17,1281.33,+0.17%,2006-02-19
1287.24,1266.99,1289.47,1258.34,+1.60%,2006-02-12
1266.99,1264.03,1274.56,1253.61,+0.23%,2006-02-05
1264.03,1283.72,1287.94,1261.02,-1.53%,2006-01-29
1283.72,1261.49,1286.38,1259.42,+1.76%,2006-01-22
1261.49,1287.61,1287.79,1260.92,-2.03%,2006-01-15
1287.61,1285.45,1294.9,1282.78,+0.17%,2006-01-08
1285.45,1248.29,1286.09,1245.74,+2.98%,2006-01-01
1248.29,1268.66,1271.83,1246.59,-1.61%,2005-12-25
1268.66,1267.32,1270.51,1257.21,+0.11%,2005-12-18
1267.32,1259.37,1275.8,1255.52,+0.63%,2005-12-11
1259.37,1265.08,1272.89,1250.91,-0.45%,2005-12-04
1265.08,1268.25,1268.44,1249.39,-0.25%,2005-11-27
1268.25,1248.27,1270.64,1246.9,+1.60%,2005-11-20
1248.27,1234.72,1249.58,1226.41,+1.10%,2005-11-13
1234.72,1220.14,1235.7,1215.05,+1.19%,2005-11-06
1220.14,1198.41,1224.7,1198.41,+1.81%,2005-10-30
1198.41,1179.59,1204.01,1178.89,+1.60%,2005-10-23
1179.59,1186.57,1197.3,1170.55,-0.59%,2005-10-16
1186.57,1195.9,1196.52,1168.2,-0.78%,2005-10-09
1195.9,1228.81,1233.34,1181.92,-2.68%,2005-10-02
1228.81,1215.29,1229.57,1211.11,+1.11%,2005-09-25
1215.29,1237.91,1237.91,1205.35,-1.83%,2005-09-18
1237.91,1241.48,1242.6,1224.85,-0.29%,2005-09-11
1241.48,1218.02,1243.13,1218.02,+1.93%,2005-09-04
1218.02,1205.1,1227.29,1201.07,+1.07%,2005-08-28
1205.1,1219.71,1228.96,1204.23,-1.20%,2005-08-21
1219.71,1230.4,1236.24,1215.93,-0.87%,2005-08-14
1230.39,1226.42,1242.69,1222.67,+0.32%,2005-08-07
1226.42,1234.18,1245.86,1225.62,-0.63%,2005-07-31
1234.18,1233.68,1245.15,1228.15,+0.04%,2005-07-24
1233.68,1227.92,1236.56,1221.13,+0.47%,2005-07-17
1227.92,1211.86,1233.16,1211.86,+1.33%,2005-07-10
1211.86,1194.44,1212.73,1183.55,+1.46%,2005-07-03
1194.44,1191.57,1204.07,1188.3,+0.24%,2005-06-26
1191.57,1216.96,1219.59,1191.45,-2.09%,2005-06-19
1216.96,1198.11,1219.55,1194.51,+1.57%,2005-06-12
1198.11,1196.02,1208.85,1191.09,+0.17%,2005-06-05
1196.02,1198.78,1205.64,1191.03,-0.23%,2005-05-29
1198.78,1189.28,1199.56,1185.96,+0.80%,2005-05-22
1189.28,1154.05,1191.22,1153.64,+3.05%,2005-05-15
1154.05,1171.35,1178.87,1146.18,-1.48%,2005-05-08
1171.35,1156.85,1178.62,1154.71,+1.25%,2005-05-01
